,text_clean,text_preprocessed,Polarity
0,hehehe asli ini iklan the best bgt  ngalahin yg di thailand yg katanya keren keren itu,"['hehehe', 'asli', 'iklan', 'the', 'best', 'bgt', 'ngalahin', 'yg', 'thailand', 'yg', 'keren', 'keren']",Positif
1,ini yg bikin skenario dan katakatanya siapa sih  hebat bikin saya senyum sendiri soalnya ngalamin juga nunggu paket kayak nunggu hadiah padahal beli  ditambah lagi ariel yg main duhhjadi makin cinta  bikin serries nya dong tapi harus ariel yg main,"['yg', 'bikin', 'skenario', 'katakatanya', 'sih', 'hebat', 'bikin', 'senyum', 'ngalamin', 'nunggu', 'paket', 'kayak', 'nunggu', 'hadiah', 'beli', 'tambah', 'ariel', 'yg', 'main', 'duhhjadi', 'cinta', 'bikin', 'serries', 'nya', 'ariel', 'yg', 'main']",Positif
2,sumpah iklan nya keren bgt selalu suka kalo ariel lagi ngomong,"['sumpah', 'iklan', 'nya', 'keren', 'bgt', 'suka', 'kalo', 'ariel', 'ngomong']",Positif
3,dalam hal apapun boriel selalu memberikan yang terbaik agar dapat dinikmati oleh semua orang keren sangat menginspirasi dan memperhatikan kualitas dari produk atau seni yg dia kerjakan,"['apa', 'boriel', 'baik', 'nikmat', 'orang', 'keren', 'inspirasi', 'perhati', 'kualitas', 'produk', 'seni', 'yg', 'kerja']",Positif
4,cinematic dapet comedy dapet punch line dapet goal iklan dapetmantep banget konsepnyasangat relate dan cocok dengan selera humor indonesiadua jempol dahbtw boleh tau siapa director nya ya,"['cinematic', 'dapet', 'comedy', 'dapet', 'punch', 'line', 'dapet', 'goal', 'iklan', 'dapetmantep', 'banget', 'konsepnyasangat', 'relate', 'cocok', 'selera', 'humor', 'indonesiadua', 'jempol', 'dahbtw', 'tau', 'director', 'nya', 'ya']",Positif
5,keren banget iklannyaapalagi suara bang ariel bikin hati adem,"['keren', 'banget', 'iklannyaapalagi', 'suara', 'bang', 'ariel', 'bikin', 'hati', 'adem']",Positif
6,dari iklan ini jadi bisa liat sisi lain dari kang boriel nih dia tuh cocok banget kalau acting pasti bakal trending nih iklan kang boriel memang legend kalau ini tayang di tv makin viral,"['iklan', 'liat', 'sisi', 'kang', 'boriel', 'nih', 'tuh', 'cocok', 'banget', 'acting', 'trending', 'nih', 'iklan', 'kang', 'boriel', 'legend', 'tayang', 'tv', 'viral']",Positif
7,keren jirrr narasi dari bbrapa potongan lirik lagu dibalut dengan komedi dan akting yg mantap iklan nya jd membuat senyum senyum sendiri,"['keren', 'jirrr', 'narasi', 'bbrapa', 'potong', 'lirik', 'lagu', 'balut', 'komedi', 'akting', 'yg', 'mantap', 'iklan', 'nya', 'jd', 'senyum', 'senyum']",Positif
8,otak tim kreatif gojek ni emang beda   makin senang jadi driver gosend ni wkwk,"['otak', 'tim', 'kreatif', 'gojek', 'ni', 'emang', 'beda', 'senang', 'driver', 'gosend', 'ni', 'wkwk']",Positif
9,gilaakk pak bor profesional kerja nya gak cuma di lagu yg bener dipikirin kualitas suara  sound nya di iklan juga dipikirin sampe se detail sejernih ini  edan lah,"['gilaakk', 'bor', 'profesional', 'kerja', 'nya', 'gak', 'lagu', 'yg', 'bener', 'dipikirin', 'kualitas', 'suara', 'sound', 'nya', 'iklan', 'dipikirin', 'sampe', 'detail', 'jernih', 'edan']",Positif
10,ya allah bang boriel bisa kocak begini lucuuuuu,"['ya', 'allah', 'bang', 'boriel', 'kocak', 'lucuuuuu']",Positif
11,top buat gosend pinter cari talent  tim creative mantaap,"['top', 'gosend', 'pinter', 'cari', 'talent', 'tim', 'creative', 'mantaap']",Positif
12,good job gosend x ariel creative genius iklan ini sangat menghibur,"['good', 'job', 'gosend', 'x', 'ariel', 'creative', 'genius', 'iklan', 'hibur']",Positif
13,lucu ya allahsenyum sendiri lihatnya natural sekali akting bang ariel,"['lucu', 'ya', 'allahsenyum', 'lihat', 'natural', 'akting', 'bang', 'ariel']",Positif
14,ketawa ketawa sendiri jadi nya mang sampe di ulang ulang  emang keren bang boril,"['ketawa', 'ketawa', 'nya', 'mang', 'sampe', 'ulang', 'ulang', 'emang', 'keren', 'bang', 'boril']",Positif
15,paket komplit yaak dari model iklan yg jadi naratornya sampe ngisi lagu backsoundnyaterbaikkk bang boriel  emot love,"['paket', 'komplit', 'yaak', 'model', 'iklan', 'yg', 'narator', 'sampe', 'ngisi', 'lagu', 'backsoundnyaterbaikkk', 'bang', 'boriel', 'emot', 'love']",Positif
16,berharap ada behind the scene krn pasti dikerjakan dg luar biasa,"['harap', 'behind', 'the', 'scene', 'krn', 'dg']",Negatif
17,gilaaaaak ini si keren bgt iklannya ariilll kamu juarakk gosend ga salah pilih modeleuy,"['gilaaaaak', 'si', 'keren', 'bgt', 'iklan', 'ariilll', 'juarakk', 'gosend', 'ga', 'salah', 'pilih', 'modeleuy']",Positif
18,renyah bener suaranya boriel gak kerasa liat iklan  menit lebih,"['renyah', 'bener', 'suara', 'boriel', 'gak', 'rasa', 'liat', 'iklan', 'menit']",Positif
19,rilis behind the scene nya dong min apalagi pas lagi baca narasinya kagak mungkin kagak ngakak ariel bacainnya,"['rilis', 'behind', 'the', 'scene', 'nya', 'min', 'pas', 'baca', 'narasi', 'kagak', 'kagak', 'ngakak', 'ariel', 'bacainnya']",Positif
20,tim kreatif gojek  iklannya selalu lucu  menarik kocak bgtttt mana depannya udah cool eh cuma gegara nunggu paket wkwk ternyata lagu peterpannoah aplikatif ya buat nungguin paket haha aransemen lagu menunggumu juga kece,"['tim', 'kreatif', 'gojek', 'iklan', 'lucu', 'tarik', 'kocak', 'bgtttt', 'depan', 'udah', 'cool', 'eh', 'gegara', 'nunggu', 'paket', 'wkwk', 'lagu', 'peterpannoah', 'aplikatif', 'ya', 'nungguin', 'paket', 'haha', 'aransemen', 'lagu', 'tunggu', 'kece']",Positif
21,asli na lucu kata kata lucu disuarakan secara intonasi puisi dan yang bersuara the one and only arielll,"['asli', 'na', 'lucu', 'lucu', 'suara', 'intonasi', 'puisi', 'suara', 'the', 'one', 'and', 'only', 'arielll']",Positif
22,good job gojek indonesia makasih udah ngajak ariel di iklannya lucu banget gatau lagi hahaha,"['good', 'job', 'gojek', 'indonesia', 'makasih', 'udah', 'ngajak', 'ariel', 'iklan', 'lucu', 'banget', 'gatau', 'hahaha']",Positif
23,luar biasaaaa  kreatifnya kaga ketolongan  gk cukup  x muteer iklannya  baru x ni betah banget liat iklan,"['biasaaaa', 'kreatif', 'kaga', 'tolong', 'gk', 'x', 'muteer', 'iklan', 'x', 'ni', 'betah', 'banget', 'liat', 'iklan']",Positif
24,anjirrr baru kali ini betah nengok iklan sampe detik terakhir biasanya diskip cocok jadi aktor bang  pokoknya satu kata buat bang ariel perfect,"['anjirrr', 'kali', 'betah', 'nengok', 'iklan', 'sampe', 'detik', 'skip', 'cocok', 'aktor', 'bang', 'pokok', 'bang', 'ariel', 'perfect']",Positif
25,wow keren bangetzzzzz aa ariel noah suara nya ademmmm banget recehhhhhhhhhhhhhhh banget aa ariel bikin pingin ngulang berkali kali video ini,"['wow', 'keren', 'bangetzzzzz', 'aa', 'ariel', 'noah', 'suara', 'nya', 'ademmmm', 'banget', 'recehhhhhhhhhhhhhhh', 'banget', 'aa', 'ariel', 'bikin', 'pingin', 'ngulang', 'kali', 'kali', 'video']",Positif
26,baru kli ini liat iklan ga d skip krna ada arielbgus bnget akting nya,"['kli', 'liat', 'iklan', 'ga', 'd', 'skip', 'krna', 'arielbgus', 'bnget', 'akting', 'nya']",Netral
27,krennnn banget luar biasa kolaborasi,"['krennnn', 'banget', 'kolaborasi']",Positif
28,kak ariel emang nggak ada lawan nya  hebat karyakarya nya,"['kak', 'ariel', 'emang', 'nggak', 'lawan', 'nya', 'hebat', 'karyakarya', 'nya']",Positif
29,edas niat banget nih bikin iklan gosen luar biasaaa,"['edas', 'niat', 'banget', 'nih', 'bikin', 'iklan', 'gosen', 'biasaaa']",Positif
30,oh my god garagara menunggu saya jadi nonton ikan ini berkalikali padahal nonton iklan lain yg autoplay aja males pngn cepet diskip,"['oh', 'my', 'god', 'garagara', 'tunggu', 'nonton', 'ikan', 'berkalikali', 'nonton', 'iklan', 'yg', 'autoplay', 'aja', 'males', 'pngn', 'cepet', 'skip']",Positif
31,syairnya bagus bikin senyum sendiri,"['syair', 'bagus', 'bikin', 'senyum']",Positif
32,kang boriel turun tangan langsung jadi super keren hasilnya kolaborasi yang keren gosendkang borielrepetisi membuat gergaji gaji yang gernyuci motor tetangga kaya kang armand agak miripgitar dipetik padahal buah yang dipetiksalah kirim buat nunung hahahahabuat videonya niatnarasinya niatsemuanya niat dan akhirnya menghasilkan sesuatu yang luar biasa  iklan pertama yang saya tonton full tanpa di skiplanjoet,"['kang', 'boriel', 'turun', 'tangan', 'langsung', 'super', 'keren', 'hasil', 'kolaborasi', 'keren', 'gosendkang', 'borielrepetisi', 'gergaji', 'gaji', 'gernyuci', 'motor', 'tetangga', 'kaya', 'kang', 'armand', 'miripgitar', 'petik', 'buah', 'dipetiksalah', 'kirim', 'nunung', 'hahahahabuat', 'video', 'niatnarasinya', 'niatsemuanya', 'niat', 'hasil', 'iklan', 'tonton', 'full', 'skiplanjoet']",Positif
33,menghibur sekali iklan ini wkwk keren konsepnya,"['hibur', 'iklan', 'wkwk', 'keren', 'konsep']",Positif
34,keren banget iklan ini sangat menghibur,"['keren', 'banget', 'iklan', 'hibur']",Positif
35,kalau ariel buat filim cinta  ga tahu berpa ramai orng pergi tengok huhu mmng dah best my idola,"['ariel', 'filim', 'cinta', 'ga', 'berpa', 'ramai', 'orng', 'pergi', 'tengok', 'huhu', 'mmng', 'dah', 'best', 'my', 'idola']",Positif
36,keren bgt kang boril kocak dan kata nya bagus  pas di akhir ternyata ordernya sepatu harus nya collab sma brand sepatu yg kang boril pakai itu lho aku jg kepengen sepatu nya keren tp blm ke sampean buat beliwkwkwkwkwk,"['keren', 'bgt', 'kang', 'boril', 'kocak', 'nya', 'bagus', 'pas', 'order', 'sepatu', 'nya', 'collab', 'sma', 'brand', 'sepatu', 'yg', 'kang', 'boril', 'pakai', 'lho', 'jg', 'ken', 'sepatu', 'nya', 'keren', 'tp', 'blm', 'sampean', 'beliwkwkwkwkwk']",Positif
37,kocak bet dah  waktu si ibu bilang mirip ariel yaa ahhh engga jauhhhh  xixixix,"['kocak', 'bet', 'dah', 'si', 'bilang', 'ariel', 'yaa', 'ahhh', 'engga', 'jauhhhh', 'xixixix']",Positif
38,kerenwalaupun jadi ketawa pas ariel teriak gokil  tapi lucu,"['kerenwalaupun', 'ketawa', 'pas', 'ariel', 'teriak', 'gokil', 'lucu']",Negatif
39,momen lucu ketika boriel nyuci motor tetangga tanpa sadar ketika pemiliknya keluar teriak oi ril ketika itu juga boriel kabur,"['momen', 'lucu', 'boriel', 'nyuci', 'motor', 'tetangga', 'sadar', 'milik', 'teriak', 'oi', 'ril', 'boriel', 'kabur']",Positif
40,mau tertawa apa terpesona sih,"['tertawa', 'pesona', 'sih']",Positif
41,waww kereenn gosen bisa pakek ariel luarrrr biasaa bhd aak boriel sehat ya kang,"['waww', 'kereenn', 'gosen', 'pakek', 'ariel', 'luarrrr', 'biasaa', 'bhd', 'aak', 'boriel', 'sehat', 'ya', 'kang']",Positif
42,woooowwboriel bintang iklan gojekseneng deehhaku pelanggan gojekjadi bisa lihat boriel terus setiap ada iklan nya,"['woooowwboriel', 'bintang', 'iklan', 'gojekseneng', 'deehhaku', 'langgan', 'gojekjadi', 'lihat', 'boriel', 'iklan', 'nya']",Netral
43,woooooow wkkwkw ide sama pemerannya out of the box sekali maju terus gojek  ariel  noahnya,"['woooooow', 'wkkwkw', 'ide', 'per', 'out', 'of', 'the', 'box', 'maju', 'gojek', 'ariel', 'noahnya']",Netral
44,ikalannya jadi menarik sih salut tim kreatif gojeknya boriel juga kocak disini,"['ikal', 'tarik', 'sih', 'salut', 'tim', 'kreatif', 'gojek', 'boriel', 'kocak']",Positif
45,salah satu iklan terbaik buatan anak bangsa keren atau kerna ariel jadi keren hahaa,"['salah', 'iklan', 'baik', 'buat', 'anak', 'bangsa', 'keren', 'kerna', 'ariel', 'keren', 'hahaa']",Positif
46,another iklan yg ga gua skip selain iklan head and shoulders nya joe taslim,"['another', 'iklan', 'yg', 'ga', 'gua', 'skip', 'iklan', 'head', 'and', 'shoulders', 'nya', 'joe', 'taslim']",Netral
47,kocak abissss  gak nyangka bang boriel bisa acting lucu kyk gitu,"['kocak', 'abissss', 'gak', 'nyangka', 'bang', 'boriel', 'acting', 'lucu', 'kyk', 'gitu']",Positif
48,iklannya keren karena ada aa boriel keren bgt acting dan katanya  sukses trus aa,"['iklan', 'keren', 'aa', 'boriel', 'keren', 'bgt', 'acting', 'sukses', 'trus', 'aa']",Positif
49,denger suara ariel bkin hati adeeem,"['denger', 'suara', 'ariel', 'bkin', 'hati', 'adeeem']",Netral
50,diulang terus nontonnyaaaaa,"['ulang', 'nontonnyaaaaa']",Netral
51,bisa keren gitu yah iklannyabikin senyum sendri hahahaha,"['keren', 'gitu', 'yah', 'iklannyabikin', 'senyum', 'sendri', 'hahahaha']",Positif
52,gokil kang ariel x gosend,"['gokil', 'kang', 'ariel', 'x', 'gosend']",Negatif
53,story telling nya mantep dahh s marketing,"['story', 'telling', 'nya', 'mantep', 'dahh', 's', 'marketing']",Positif
54,satu kata buat ariel keren,"['ariel', 'keren']",Positif
55,auto trending satuariel luar biasa,"['auto', 'trending', 'satuariel']",Netral
56,narasi nya keren akting nya real bangeddan permisiii pakettttkata merdu di masa pandemihahahahamirip ariel yagak ah jauhhh  keren abizzz,"['narasi', 'nya', 'keren', 'akting', 'nya', 'real', 'bangeddan', 'permisiii', 'pakettttkata', 'merdu', 'pandemihahahahamirip', 'ariel', 'yagak', 'ah', 'jauhhh', 'keren', 'abizzz']",Positif
57,kerennnnnnn bangetdan yg lebih lucu nya lagi sangkin menunggu nya ariel nyuci kreta tetangga  aku baru ngah,"['kerennnnnnn', 'bangetdan', 'yg', 'lucu', 'nya', 'sangkin', 'tunggu', 'nya', 'ariel', 'nyuci', 'kreta', 'tetangga', 'ngah']",Positif
58,gila keren banget ka ariel,"['gila', 'keren', 'banget', 'ka', 'ariel']",Positif
59,ngomong soal gaji apakah gergaji adalah gaji yang lebih ger keren bang boril bisa receh juga ternyata wkwkwk,"['ngomong', 'gaji', 'gergaji', 'gaji', 'ger', 'keren', 'bang', 'boril', 'receh', 'wkwkwk']",Positif
60,mewakili saya ketika belanja online anjir mirip kisahnya kek gua,"['wakil', 'belanja', 'online', 'anjir', 'kisah', 'kek', 'gua']",Netral
61,malaysia adir ariel memang keren banget mantap pandai buat lawak,"['malaysia', 'adir', 'ariel', 'keren', 'banget', 'mantap', 'pandai', 'lawak']",Positif
62,sebenernya masih bingung kalo pake gosend untuk ambil barang di lokasi lain untuk di anter ke lokasi kita sekarang jadi aku pake goride untuk gitu tapi ga semua driver mau kalo kaya gitu pake goride,"['sebenernya', 'bingung', 'kalo', 'pake', 'gosend', 'ambil', 'barang', 'lokasi', 'anter', 'lokasi', 'pake', 'goride', 'gitu', 'ga', 'driver', 'kalo', 'kaya', 'gitu', 'pake', 'goride']",Negatif
63,baru kali ini aku liat iklan di pencet biasanya di skip soalnya mah yg bawain ariel noah,"['kali', 'liat', 'iklan', 'pencet', 'skip', 'mah', 'yg', 'bawain', 'ariel', 'noah']",Netral
64,baru kali ini iklan gojek yang sangat bagus dan memukau  boril keren dah tema vidio iklannya sedih nya ada lucu nya ada semoga gojek makin sukses dan jaya di indonesia,"['kali', 'iklan', 'gojek', 'bagus', 'pukau', 'boril', 'keren', 'dah', 'tema', 'vidio', 'iklan', 'sedih', 'nya', 'lucu', 'nya', 'moga', 'gojek', 'sukses', 'jaya', 'indonesia']",Positif
65,paket datang ternyata salkir lalu dan terjadi lagi  plot twist  sabar ya bor,"['paket', 'salkir', 'plot', 'twist', 'sabar', 'ya', 'bor']",Netral
66,kreatif komedinya dapet tp arielnya tetep ganteng,"['kreatif', 'komedi', 'dapet', 'tp', 'arielnya', 'tetep', 'ganteng']",Positif
67,keren buanget euy mang boril udh kasep bisa puitisngalawakini mah hrs aing share biar trending bahkan kalau aing nggk share aja mungkin trending buanget ini,"['keren', 'buanget', 'euy', 'mang', 'boril', 'udh', 'kasep', 'puitisngalawakini', 'mah', 'hrs', 'aing', 'share', 'biar', 'trending', 'aing', 'nggk', 'share', 'aja', 'trending', 'buanget']",Positif
68,sejarah hidup gua nonton iklan terniat dan diulang ulang,"['sejarah', 'hidup', 'gua', 'nonton', 'iklan', 'niat', 'ulang', 'ulang']",Netral
69,acting ariel keren juga,"['acting', 'ariel', 'keren']",Positif
70,bikin webseries keren nih kayanya,"['bikin', 'webseries', 'keren', 'nih', 'kaya']",Positif
71,luar biasa gojek kian melambung dengan ad nya ariel noah,"['gojek', 'kian', 'lambung', 'ad', 'nya', 'ariel', 'noah']",Netral
72,kebnyakan bergaul sama bang haji andre ini jadi lucu wkwkwk,"['kebnyakan', 'gaul', 'bang', 'haji', 'andre', 'lucu', 'wkwkwk']",Positif
73,konsep yg matang salut buat gojek,"['konsep', 'yg', 'matang', 'salut', 'gojek']",Netral
74,intonasi puisinya anjim banget ditambah suaranya bikin merinding,"['intonasi', 'puisi', 'anjim', 'banget', 'tambah', 'suara', 'bikin', 'merinding']",Positif
75,njiiirr keren pisun euyy mantap aktingnya si akang,"['njiiirr', 'keren', 'pisun', 'euyy', 'mantap', 'akting', 'si', 'akang']",Positif
76,mantap gojek selalu bagus iklannya  ohiya durasi iklannya kurang lama  bikin sejam dong kuota kemdikbud saya masih banyak nih soalnya,"['mantap', 'gojek', 'bagus', 'iklan', 'ohiya', 'durasi', 'iklan', 'bikin', 'jam', 'kuota', 'kemdikbud', 'nih']",Positif
77,ngelawak dengan cara keren,"['ngelawak', 'keren']",Positif
78,ala anak indie dengan komedi,"['ala', 'anak', 'indie', 'komedi']",Netral
79,perkara nunggu paket ampe bersihin motor tetangga hahaha boriel gokiill,"['perkara', 'nunggu', 'paket', 'ampe', 'bersihin', 'motor', 'tetangga', 'hahaha', 'boriel', 'gokiill']",Positif
80,lucu boriltrus kata nya bkin meleleh,"['lucu', 'boriltrus', 'nya', 'bkin', 'leleh']",Positif
81,iklan terbaik video klip terbaik bintang di surga,"['iklan', 'baik', 'video', 'klip', 'baik', 'bintang', 'surga']",Positif
82,iklan yang saya tonton sampai habis terus di ulang lagi magnet,"['iklan', 'tonton', 'habis', 'ulang', 'magnet']",Netral
83,secara tidak sadar itu yg ngomong mas  lagi nunggu paket ya kang lukman kurir wkwkwk,"['sadar', 'yg', 'ngomong', 'mas', 'nunggu', 'paket', 'ya', 'kang', 'lukman', 'kurir', 'wkwkwk']",Positif
84,seandainya kita semua cinta buatan indonesia insyaallah kita membantu gojek dan mitra maju sejahteraamin,"['anda', 'cinta', 'buat', 'indonesia', 'insyaallah', 'bantu', 'gojek', 'mitra', 'maju', 'sejahteraamin']",Positif
85,gergaji adalah gaji yang lebih ger wadaaww,"['gergaji', 'gaji', 'ger', 'wadaaww']",Netral
86,luarrrrrrrrrrrrr biasa,['luarrrrrrrrrrrrr'],Netral
87,hadiah ulang tahun terlucu  happy birthday aa,"['hadiah', 'ulang', 'lucu', 'happy', 'birthday', 'aa']",Positif
88,siapapun yg colab sama ariel noah auto saya like komen dan subscribe btw konten nya totalitas banget sumpah,"['yg', 'colab', 'ariel', 'noah', 'auto', 'like', 'komen', 'subscribe', 'btw', 'konten', 'nya', 'totalitas', 'banget', 'sumpah']",Positif
89,iri ga iri lah masa ngak ngakak njirr,"['iri', 'ga', 'iri', 'ngak', 'ngakak', 'njirr']",Positif
90,gila sih penggalan lagunya di satukan sama kejdian menunggu paket datang mantep sih konsepnya gojek pasti ada aja jalan buat nambahin customer nye nyenengin customer nya,"['gila', 'sih', 'penggal', 'lagu', 'satu', 'kejdian', 'tunggu', 'paket', 'mantep', 'sih', 'konsep', 'gojek', 'aja', 'jalan', 'nambahin', 'customer', 'nye', 'nyenengin', 'customer', 'nya']",Positif
91,baru dengar bang boriel teriaknya lepas keren,"['dengar', 'bang', 'boriel', 'teriak', 'lepas', 'keren']",Positif
92,keren iklannya sampai ngak aku skip,"['keren', 'iklan', 'ngak', 'skip']",Positif
93,ayo bang boriel keluarkan bakat lawakmu selanjutnya ditunggu loh eheheh,"['ayo', 'bang', 'boriel', 'keluar', 'bakat', 'lawak', 'tunggu', 'loh', 'eheheh']",Netral
94,luar biasa keren kreasi gojek x noah,"['keren', 'kreasi', 'gojek', 'x', 'noah']",Positif
95,jadi in brand ambasador nya gosend donk,"['in', 'brand', 'ambasador', 'nya', 'gosend', 'donk']",Netral
96,gokil sih ini tim kreatif nya biasanya klo iklan di skip haha,"['gokil', 'sih', 'tim', 'kreatif', 'nya', 'klo', 'iklan', 'skip', 'haha']",Positif
97,girl  mirip ariel yah boy  ah enggak jauh,"['girl', 'ariel', 'yah', 'boy', 'ah']",Netral
98,narasinya gokiillllll,"['narasi', 'gokiillllll']",Netral
99,liat berkali nggk bosen masih senyum sndiri,"['liat', 'kali', 'nggk', 'bosen', 'senyum', 'sndiri']",Negatif
100,suarx itu lho yaa allah mantul bgett sukses trz kk arieel,"['suarx', 'lho', 'yaa', 'allah', 'mantul', 'bgett', 'sukses', 'trz', 'kk', 'arieel']",Positif
101,aduh emang keren deh karya anak indonesia bangga bgt  karna sepatuh aku disini,"['aduh', 'emang', 'keren', 'deh', 'karya', 'anak', 'indonesia', 'bangga', 'bgt', 'karna', 'patuh']",Positif
102,pas lihat paket ini bukan aku pemiliknya  auto ngakak lihat ekspresi boriel,"['pas', 'lihat', 'paket', 'milik', 'auto', 'ngakak', 'lihat', 'ekspresi', 'boriel']",Positif
103,iklan apapun asal ba nya ariel noah ga akan di skip malah ditonton berulang ulang kali wkwwkw,"['iklan', 'apa', 'ba', 'nya', 'ariel', 'noah', 'ga', 'skip', 'tonton', 'ulang', 'ulang', 'kali', 'wkwwkw']",Netral
104,kereeen ditonton berulang kali tetep aja ngakak,"['kereeen', 'tonton', 'ulang', 'kali', 'tetep', 'aja', 'ngakak']",Positif
105,baru kali ini nonton iklan diulangulang biasanya langsung skip hahaha,"['kali', 'nonton', 'iklan', 'diulangulang', 'langsung', 'skip', 'hahaha']",Positif
106,gabut  gaji buta,"['gabut', 'gaji', 'buta']",Negatif
107,ariel orang cerdas ariel sang puitis aeielsang penulis arielsang arsitek arielsang penakhluk wanita ariel jugasang rendah hati sukses kang ariel,"['ariel', 'orang', 'cerdas', 'ariel', 'sang', 'puitis', 'aeielsang', 'tulis', 'arielsang', 'arsitek', 'arielsang', 'penakhluk', 'wanita', 'ariel', 'jugasang', 'rendah', 'hati', 'sukses', 'kang', 'ariel']",Positif
108,narasinya bagus peran arielnya juga bagus keren lah gosend,"['narasi', 'bagus', 'peran', 'arielnya', 'bagus', 'keren', 'gosend']",Positif
109,keren nih agency nya,"['keren', 'nih', 'agency', 'nya']",Positif
110,siapapun tim produksi iklan ini elu kereenn bangeet,"['tim', 'produksi', 'iklan', 'elu', 'kereenn', 'bangeet']",Positif
111,gokil ariel actingnya,"['gokil', 'ariel', 'actingnya']",Negatif
112,coba ariel yg jadi kurirnyaa beuhh seneng banget wkwkwk,"['coba', 'ariel', 'yg', 'kurirnyaa', 'beuhh', 'neng', 'banget', 'wkwkwk']",Positif
113,ini baru iklan yang sangat ciamik ide cerita nya lucu bagus  ini iklan terbaik yang pernah aku liat pintar yang buat iklan nya,"['iklan', 'ciamik', 'ide', 'cerita', 'nya', 'lucu', 'bagus', 'iklan', 'baik', 'liat', 'pintar', 'iklan', 'nya']",Positif
114,mampir kesini karna bang ariel gokil banget sih ini iklan sampe ngakak gue tiap dialognya kreatif banget sumpah,"['mampir', 'kesini', 'karna', 'bang', 'ariel', 'gokil', 'banget', 'sih', 'iklan', 'sampe', 'ngakak', 'gue', 'dialog', 'kreatif', 'banget', 'sumpah']",Positif
115,hbrd wish you all the best ariel,"['hbrd', 'wish', 'you', 'all', 'the', 'best', 'ariel']",Positif
116,iklanya ditonton berulang ulang tetep ng bosenin,"['iklanya', 'tonton', 'ulang', 'ulang', 'tetep', 'ng', 'bosenin']",Netral
117,sahabat noah nusantara,"['sahabat', 'noah', 'nusantara']",Netral
118,rumahnya no  h canda noah,"['rumah', 'no', 'h', 'canda', 'noah']",Netral
119,dari dulu katakata boriel sangat puitis,"['katakata', 'boriel', 'puitis']",Positif
120,dah cocok tuh bang boriel main film donk,"['dah', 'cocok', 'tuh', 'bang', 'boriel', 'main', 'film', 'donk']",Positif
121,gojek kan paling jago kalo bikin iklan dari komedi sampe serius bisa mantab,"['gojek', 'jago', 'kalo', 'bikin', 'iklan', 'komedi', 'sampe', 'serius', 'mantab']",Positif
122,gak cowo gak cewe liat ariel pasti terkesimapanutan emang,"['gak', 'cowo', 'gak', 'cewe', 'liat', 'ariel', 'terkesimapanutan', 'emang']",Netral
123,epic,['epic'],Positif
124,anjiiirrrr kok ngakak endingnya,"['anjiiirrrr', 'ngakak', 'endingnya']",Positif
125,kocaaaakkkkkkk ada aja idenya keren,"['kocaaaakkkkkkk', 'aja', 'ide', 'keren']",Positif
126,kesini gegara iklan gosend di efbeh,"['kesini', 'gegara', 'iklan', 'gosend', 'efbeh']",Netral
127,kerendisini ariel akting nyanyi dan baca narasinya jg,"['kerendisini', 'ariel', 'akting', 'nyanyi', 'baca', 'narasi', 'jg']",Positif
128,gw yakin rating gojek beberapa hari ke depan langsung naikwalau recehsetidaknya seorang ariel bisa ngelawakdan berakting,"['gw', 'rating', 'gojek', 'langsung', 'naikwalau', 'recehsetidaknya', 'ariel', 'ngelawakdan', 'akting']",Negatif
129,duuuhhhh suara kamu bang ariel,"['duuuhhhh', 'suara', 'bang', 'ariel']",Netral
130,jadi tambah semangat nih bos gw sebagai mitra gojek prioritas gosend smngtttt,"['semangat', 'nih', 'bos', 'gw', 'mitra', 'gojek', 'prioritas', 'gosend', 'smngtttt']",Netral
131,ngakak  kereenn bgt siii,"['ngakak', 'kereenn', 'bgt', 'siii']",Positif
132,lucu sii kirain motor dia yang di cuci eh motor orang ternyata,"['lucu', 'sii', 'kirain', 'motor', 'cuci', 'eh', 'motor', 'orang']",Positif
133,makasih gosend bisa buat aril stand up comedy,"['makasih', 'gosend', 'aril', 'stand', 'up', 'comedy']",Positif
134,bang ariel cocok kalo solo karier suaranya sgt akustik,"['bang', 'ariel', 'cocok', 'kalo', 'solo', 'karier', 'suara', 'sgt', 'akustik']",Positif
135,gokillll,['gokillll'],Netral
136,keren banget ariel gak salah dari awal mengidolakan sosok nya mantap banget,"['keren', 'banget', 'ariel', 'gak', 'salah', 'idola', 'sosok', 'nya', 'mantap', 'banget']",Positif
137,aku baru nonton iklan ini baguss wooii lucuu relate banget sama kebiasaan orang negara ini,"['nonton', 'iklan', 'baguss', 'wooii', 'lucuu', 'relate', 'banget', 'biasa', 'orang', 'negara']",Positif
138,keren bintang iklannya lord boril,"['keren', 'bintang', 'iklan', 'lord', 'boril']",Positif
139,anjirr boriell bisa ngelawakkk,"['anjirr', 'boriell', 'ngelawakkk']",Positif
140,yo ngakak yo sedih ya ela ril boril,"['yo', 'ngakak', 'yo', 'sedih', 'ya', 'ela', 'ril', 'boril']",Positif
141,suaranya joss banget didenger pake headset baru kali ini gw sengaja nge klik iklan haha,"['suara', 'joss', 'banget', 'didenger', 'pake', 'headset', 'kali', 'gw', 'sengaja', 'nge', 'klik', 'iklan', 'haha']",Positif
142,aduhhh kang aril knp gokil bgt skarang para komedian benar ter ancam posisinya karna para musisi skarang jago ngelawak,"['aduhhh', 'kang', 'aril', 'knp', 'gokil', 'bgt', 'skarang', 'komedian', 'ter', 'ancam', 'posisi', 'karna', 'musisi', 'skarang', 'jago', 'ngelawak']",Positif
143,kerem lah boril ga setengah setengah kalo bikin sesuatu biasanya iklan di skip ini malah nonton iklan luar biasa,"['rem', 'boril', 'ga', 'kalo', 'bikin', 'iklan', 'skip', 'nonton', 'iklan']",Netral
144,gila suaranya good job gojek,"['gila', 'suara', 'good', 'job', 'gojek']",Positif
145,ha   gue ngakak liat  lucu juga keren juga,"['ha', 'gue', 'ngakak', 'liat', 'lucu', 'keren']",Positif
146,ahahahaha kocaaak  kereeen,"['ahahahaha', 'kocaaak', 'kereeen']",Netral
147,semoga saya bisa seperti boril,"['moga', 'boril']",Netral
148,kayanya nanti kalo iklan ini lewat pada ga skip deh hehehe   apakah gergaji adalah gaji yang lebih ger    seneng  ck no ah  bedanya kalo gitar akustik kalo akustuck  kenapa gitar dipetik  padahal bukan buah hmmmm  misi paket akhirnya  dua kata indah itu terucap  apakah ini real ariel   iri gak  iri lah masa nggak  karena sepatuh aku disini  ahahaha bikin senyum dan ketawa sendiri liat ini  btw salfok sama nomer rumah nya no h  totalitas banget deh aa ariel aktinya,"['kaya', 'kalo', 'iklan', 'ga', 'skip', 'deh', 'hehehe', 'gergaji', 'gaji', 'ger', 'neng', 'ck', 'no', 'ah', 'beda', 'kalo', 'gitar', 'akustik', 'kalo', 'akustuck', 'gitar', 'petik', 'buah', 'hmmmm', 'misi', 'paket', 'indah', 'ucap', 'real', 'ariel', 'iri', 'gak', 'iri', 'nggak', 'patuh', 'ahahaha', 'bikin', 'senyum', 'ketawa', 'liat', 'btw', 'salfok', 'nomer', 'rumah', 'nya', 'no', 'h', 'totalitas', 'banget', 'deh', 'aa', 'ariel', 'aktinya']",Positif
149,cinematic sekali,['cinematic'],Netral
150,tawa ngakak gua liat nya suksen buat gojek tentunya buat boriel juga,"['tawa', 'ngakak', 'gua', 'liat', 'nya', 'suksen', 'gojek', 'boriel']",Positif
151,suaranya keren bangetkarena sepatuh aku disini,"['suara', 'keren', 'bangetkarena', 'patuh']",Positif
152,ngakak ending nya a,"['ngakak', 'ending', 'nya', 'a']",Positif
153,karena areil aku komen like subcribe sukses buat ariel dan gojek jaya trusssss,"['areil', 'komen', 'like', 'subcribe', 'sukses', 'ariel', 'gojek', 'jaya', 'trusssss']",Positif
154,hbd borielll  trus berkaya buat lagu fenomena lagii,"['hbd', 'borielll', 'trus', 'kaya', 'lagu', 'fenomena', 'lagi']",Netral
155,njirrr kok baru tau gua iklan boriel ngelawak gni wkwkw  tpi kerenn abiss dah idolaku ini,"['njirrr', 'tau', 'gua', 'iklan', 'boriel', 'ngelawak', 'gni', 'wkwkw', 'tpi', 'kerenn', 'abiss', 'dah', 'idola']",Positif
156,duh lucu banget detail alamat nya backsound plot naskahnya,"['duh', 'lucu', 'banget', 'detail', 'alamat', 'nya', 'backsound', 'plot', 'naskah']",Positif
157,biasanya iklan tuh di skiptpi yg ini malah ku ulang sambil seyum sendri,"['iklan', 'tuh', 'skiptpi', 'yg', 'ku', 'ulang', 'seyum', 'sendri']",Netral
158,renyah bgt suaranyaa,"['renyah', 'bgt', 'suaranyaa']",Positif
159,so cute bang ariel selalu sukses ya,"['so', 'cute', 'bang', 'ariel', 'sukses', 'ya']",Positif
160,wkwkw bisa bisanya ariel jdi gini  keren nih tim kreatif iklannya bisa bikin ariel yang beda,"['wkwkw', 'bisa', 'ariel', 'jdi', 'gin', 'keren', 'nih', 'tim', 'kreatif', 'iklan', 'bikin', 'ariel', 'beda']",Positif
161,mantap dan keren arielakhirnya paket datang juga,"['mantap', 'keren', 'arielakhirnya', 'paket']",Positif
162,mantap bang boril kolaborasi keren gojek x ariel ditunggu next project sm bang boril dan noah,"['mantap', 'bang', 'boril', 'kolaborasi', 'keren', 'gojek', 'x', 'ariel', 'tunggu', 'next', 'project', 'sm', 'bang', 'boril', 'noah']",Positif
163,maa syaa allah ariiiieeeellll,"['maa', 'syaa', 'allah', 'ariiiieeeellll']",Netral
164,kalian luar biasa gojek x ariel,"['gojek', 'x', 'ariel']",Netral
165,makasih yaa im not ok right now but this ad make me laugh and feel better,"['makasih', 'yaa', 'im', 'not', 'ok', 'right', 'now', 'but', 'this', 'ad', 'make', 'me', 'laugh', 'and', 'feel', 'better']",Positif
166,kerennnnnnn kereennnnnnn,"['kerennnnnnn', 'kereennnnnnn']",Netral
167,keren ariel luar biasa,"['keren', 'ariel']",Positif
168,epic momentpas boriel teriakdpt banget feel nyasumpah,"['epic', 'momentpas', 'boriel', 'teriakdpt', 'banget', 'feel', 'nyasumpah']",Positif
169,suaranya keren berkharisma,"['suara', 'keren', 'berkharisma']",Positif
170,ini iklan yang gue rewatch berkalikali,"['iklan', 'gue', 'rewatch', 'berkalikali']",Positif
171,cuma iklan doang viewersnya  juta gokil the power of ariel noah,"['iklan', 'doang', 'viewersnya', 'juta', 'gokil', 'the', 'power', 'of', 'ariel', 'noah']",Negatif
172,iklan yang bisa dirasakan,"['iklan', 'rasa']",Netral
173,gila keren bgt iklan se cinematic ini ini mah ada campur tangannya ariel pasti,"['gila', 'keren', 'bgt', 'iklan', 'cinematic', 'mah', 'campur', 'tangan', 'ariel']",Positif
174,i love the jokes bapack bapack hahahaha kenalan dong ama tim kreatifnya,"['i', 'love', 'the', 'jokes', 'bapack', 'bapack', 'hahahaha', 'kenal', 'ama', 'tim', 'kreatif']",Positif
175,iklan yang  tidak pernah bosan diputar terus karena ada arielnya,"['iklan', 'bosan', 'putar', 'arielnya']",Negatif
176,moga mitranya semakin sejahtera dan bonus harian di kembalikan lagi,"['moga', 'mitra', 'sejahtera', 'bonus', 'hari', 'kembali']",Netral
177,cuma ariel yg bikin iklan tapi tetep di tonton banyak orang gk kayak iklan biasa yg klo muncul langsung di skip dan kadang suka emosi,"['ariel', 'yg', 'bikin', 'iklan', 'tetep', 'tonton', 'orang', 'gk', 'kayak', 'iklan', 'yg', 'klo', 'muncul', 'langsung', 'skip', 'kadang', 'suka', 'emosi']",Positif
178,keren,['keren'],Positif
179,konsep ariel memang lama menunggu dan proses tak mengkhianati akhir menjadi mimpi yg sempurna  no h,"['konsep', 'ariel', 'tunggu', 'proses', 'khianat', 'mimpi', 'yg', 'sempurna', 'no', 'h']",Positif
180,gokil ariel,"['gokil', 'ariel']",Negatif
181,sudah serius endingnya lucu,"['serius', 'endingnya', 'lucu']",Negatif
182,mantep rezekinya kang boriel hampir semua produk terkenal ada mang borielnya,"['mantep', 'rezeki', 'kang', 'boriel', 'produk', 'kenal', 'mang', 'borielnya']",Positif
183,anjrit pulang kerja nyampe rumah buka youtube nemu ini video yg baru diupload dan senyum sendiri lihat seorang ariel yg cool gitu bisa kocak gini gara gojek keren lah pokoknya kalo udah ariel yg eksekusi warna videonya bagus cinematic iklannya berkelas nampilin boriel yg keren tapi jadi kocak apalagi scene pas boriel nyuci motor sampe sebersihnya n ternyata dia nyuciin motor tetangganya krna saking gabutnya wkwkk kocak sih iklannya padahal mah di dunia nyata ariel ga bakalan juga nungguin paket sampe selebay itu hhaha,"['anjrit', 'pulang', 'kerja', 'nyampe', 'rumah', 'buka', 'youtube', 'nemu', 'video', 'yg', 'diupload', 'senyum', 'lihat', 'ariel', 'yg', 'cool', 'gitu', 'kocak', 'gin', 'gara', 'gojek', 'keren', 'pokok', 'kalo', 'udah', 'ariel', 'yg', 'eksekusi', 'warna', 'video', 'bagus', 'cinematic', 'iklan', 'kelas', 'nampilin', 'boriel', 'yg', 'keren', 'kocak', 'scene', 'pas', 'boriel', 'nyuci', 'motor', 'sampe', 'bersih', 'n', 'nyuciin', 'motor', 'tetangga', 'krna', 'saking', 'gabutnya', 'wkwkk', 'kocak', 'sih', 'iklan', 'mah', 'dunia', 'nyata', 'ariel', 'ga', 'nungguin', 'paket', 'sampe', 'selebay', 'hhaha']",Positif
184,duh jenius amat si bang gak kerasa ternyata itu cuman iklan hahahha,"['duh', 'jenius', 'si', 'bang', 'gak', 'rasa', 'cuman', 'iklan', 'hahahha']",Negatif
185,hahaha gokil abis luar biasa,"['hahaha', 'gokil', 'abis']",Negatif
186,mantap betul,['mantap'],Positif
187,baru kali ini secara langsung sengaja ngeklik iklan  memang berkelas boril,"['kali', 'langsung', 'sengaja', 'ngeklik', 'iklan', 'kelas', 'boril']",Positif
188,iklan terbaik sepanjang masa,"['iklan', 'baik']",Positif
189,kreatif banget sih skenarionya,"['kreatif', 'banget', 'sih', 'skenario']",Positif
190,masuk semua lagunya,"['masuk', 'lagu']",Netral
191,kerennn baru kali ini ketagihan nonton iklan,"['kerennn', 'kali', 'tagih', 'nonton', 'iklan']",Positif
192,kocak bener iklan nya,"['kocak', 'bener', 'iklan', 'nya']",Positif
193,gak pernah ngebayangin ariel bisa ngereceh kek begini,"['gak', 'ngebayangin', 'ariel', 'ngereceh', 'kek']",Netral
194,ariel vokalis serba bisa acting nya jah bagus luarr biasaa boriel,"['ariel', 'vokalis', 'serba', 'acting', 'nya', 'jah', 'bagus', 'luarr', 'biasaa', 'boriel']",Positif
195,serius iklan terkeren yg pernah gue tonton good job lah buat yg bikin narasinya,"['serius', 'iklan', 'keren', 'yg', 'gue', 'tonton', 'good', 'job', 'yg', 'bikin', 'narasi']",Positif
196,dehemannya merdu amat,"['dehem', 'merdu']",Netral
197,gak bosan liat iklannya,"['gak', 'bosan', 'liat', 'iklan']",Negatif
198,serasa bukan iklan wkwk,"['serasa', 'iklan', 'wkwk']",Netral
199,bang request dong bawain lagu aku bukan jodohnya  kayanya lebih hidup,"['bang', 'request', 'bawain', 'lagu', 'jodoh', 'kaya', 'hidup']",Netral
200,kerennn borrr,"['kerennn', 'borrr']",Positif
201,iklan yg paling banyak di nonton   cuma babang boriel   heheh   emg luar biasa my idola semoga makin sukses,"['iklan', 'yg', 'nonton', 'babang', 'boriel', 'heheh', 'emg', 'my', 'idola', 'moga', 'sukses']",Positif
202,terimakasih gojek karenamu ku tau latar belakang ariel menciptakan lagu menunggumu,"['terimakasih', 'gojek', 'karena', 'ku', 'tau', 'latar', 'ariel', 'cipta', 'lagu', 'tunggu']",Netral
203,sumpah skenarionya bangke banget seorang ariel bisa dijadikan humoris dan hanya gojek yg dapat merubah seorang ariel  yg cool jadi kocak,"['sumpah', 'skenario', 'bangke', 'banget', 'ariel', 'jadi', 'humoris', 'gojek', 'yg', 'rubah', 'ariel', 'yg', 'cool', 'kocak']",Positif
204,wah konsepnya gokil,"['konsep', 'gokil']",Negatif
205,asik banget iklannya,"['asik', 'banget', 'iklan']",Positif
206,musisi semakin lucu sekarang,"['musisi', 'lucu']",Positif
207,jokes bapak  taun yang merdu,"['jokes', 'taun', 'merdu']",Netral
208,aril bisa ngelawak juga ternyata,"['aril', 'ngelawak']",Netral
209,senyumnya sumringah bgt pas paketnya dtg,"['senyum', 'sumringah', 'bgt', 'pas', 'paket', 'dtg']",Positif
210,aaaaa kang arieeelllll,"['aaaaa', 'kang', 'arieeelllll']",Netral
211,pesona ariel memang nyata,"['pesona', 'ariel', 'nyata']",Positif
212,ngakak banget,"['ngakak', 'banget']",Positif
213,wkwk ari bisa ngelucu juga ya hahaha,"['wkwk', 'ari', 'ngelucu', 'ya', 'hahaha']",Positif
214,aa nariel saat menunggu paket trciptalah penggalan kata yg penuh makna indah dan menusuk di hati sesabar inikah q menikmati iklan kamu aa boriel,"['aa', 'nariel', 'tunggu', 'paket', 'trciptalah', 'penggal', 'yg', 'penuh', 'makna', 'indah', 'tusuk', 'hati', 'sabar', 'q', 'nikmat', 'iklan', 'aa', 'boriel']",Positif
215,gara boriel ae gua nontonin iklan full begini wkwk,"['gara', 'boriel', 'ae', 'gua', 'nontonin', 'iklan', 'full', 'wkwk']",Positif
216,biasanya iklan tuh di skip tapi ini iklan malah dicari cari semangat terus buat ariel noahkami semua fans beratmu,"['iklan', 'tuh', 'skip', 'iklan', 'cari', 'cari', 'semangat', 'ariel', 'noahkami', 'fans', 'berat']",Negatif
217,berkharisma the only one ariel noah made in indonesia,"['berkharisma', 'the', 'only', 'one', 'ariel', 'noah', 'made', 'in', 'indonesia']",Positif
218,lucunya om ariel hehe abie sampe ketawa ketawa,"['lucu', 'om', 'ariel', 'hehe', 'abie', 'sampe', 'ketawa', 'ketawa']",Positif
219,gilak si keren bgt ini iklan,"['gilak', 'si', 'keren', 'bgt', 'iklan']",Positif
220,kereeen kk bor,"['kereeen', 'kk', 'bor']",Netral
221,akting nya natural tetep keren  apapun skenarionya sisi lain darimu bs ngelawak jg hihiii biasa nya cool,"['akting', 'nya', 'natural', 'tetep', 'keren', 'apa', 'skenario', 'sisi', 'dari', 'bs', 'ngelawak', 'jg', 'hihiii', 'nya', 'cool']",Positif
222,gokil abis gojek mantap,"['gokil', 'abis', 'gojek', 'mantap']",Negatif
223,mantulll gaesss,"['mantulll', 'gaesss']",Netral
224,ariel aja yg cool bisa bikin orang senyum dgn kata di video itu,"['ariel', 'aja', 'yg', 'cool', 'bikin', 'orang', 'senyum', 'dgn', 'video']",Positif
225,gokilll  iklan fantastis  gak trpikir juga bang boril bisa smpk segitu ekspresif,"['gokilll', 'iklan', 'fantastis', 'gak', 'trpikir', 'bang', 'boril', 'smpk', 'segitu', 'ekspresif']",Positif
226,gojek patut diapresiasi masih pake artis lokal buat promosi,"['gojek', 'patut', 'apresiasi', 'pake', 'artis', 'lokal', 'promosi']",Positif
227,gojek jaya selalu semakin maju apa lg ada ariel noah,"['gojek', 'jaya', 'maju', 'lg', 'ariel', 'noah']",Netral
228,udah berkali nonton ni iklan nagih sih wkwkwk serasa kyk dengerin monolog pas mau konser noah,"['udah', 'kali', 'nonton', 'ni', 'iklan', 'nagih', 'sih', 'wkwkwk', 'serasa', 'kyk', 'dengerin', 'monolog', 'pas', 'konser', 'noah']",Positif
229,paraaaahh keren bangett iklannya,"['paraaaahh', 'keren', 'bangett', 'iklan']",Positif
230,kreatif banget iklannya,"['kreatif', 'banget', 'iklan']",Positif
231,gokil dah,"['gokil', 'dah']",Negatif
232,team kreatifnya keren,"['team', 'kreatif', 'keren']",Positif
233,tetap ngakak meskipun dah liat berkali kali,"['ngakak', 'dah', 'liat', 'kali', 'kali']",Positif
234,baru kali ini nonton iklan sampe full  keren boriel,"['kali', 'nonton', 'iklan', 'sampe', 'full', 'keren', 'boriel']",Positif
235,kocakk,['kocakk'],Netral
236,iklan tp ky filmkeren bgt,"['iklan', 'tp', 'ky', 'filmkeren', 'bgt']",Positif
237,lucu banget anjirrr,"['lucu', 'banget', 'anjirrr']",Positif
238,kalo iklan bintangnya bang arielgua rela gak skipsampe selesai,"['kalo', 'iklan', 'bintang', 'bang', 'arielgua', 'rela', 'gak', 'skipsampe', 'selesai']",Positif
239,keren abis kang suaranya jiiirrrademm banget,"['keren', 'abis', 'kang', 'suara', 'jiiirrrademm', 'banget']",Positif
240,kalian luar biasa,[],Netral
241,gosend luar biasaaa,"['gosend', 'biasaaa']",Positif
242,yaampun iklan panjang yang mau banget aku tonton sampek abis tt kerennn bgtttttttttttt,"['yaampun', 'iklan', 'banget', 'tonton', 'sampek', 'abis', 'tt', 'kerennn', 'bgtttttttttttt']",Positif
243,biasanya iklan diskip yg ini ditunggu pengen denger suara renyahnya yg kaya kue nastar,"['iklan', 'skip', 'yg', 'tunggu', 'ken', 'denger', 'suara', 'renyah', 'yg', 'kaya', 'kue', 'nastar']",Netral
244,asli lucu banget inspiratif kalo yg ngebawai nya arel noah apa aja pasti mantul,"['asli', 'lucu', 'banget', 'inspiratif', 'kalo', 'yg', 'ngebawai', 'nya', 'arel', 'noah', 'aja', 'mantul']",Positif
245,apakah gergaji adalah gaji yg lebih ger,"['gergaji', 'gaji', 'yg', 'ger']",Netral
246,cepet bget y ud ampir  jt view prasaan kmren bru ratusan k viewgk nyangka antusias masyarakat tinggi liat boril dlm  mggu trkhir,"['cepet', 'bget', 'y', 'ud', 'ampir', 'jt', 'view', 'prasaan', 'kmren', 'bru', 'ratus', 'k', 'viewgk', 'nyangka', 'antusias', 'masyarakat', 'liat', 'boril', 'dlm', 'mggu', 'trkhir']",Positif
247,baru kali ini saya nonton iklan sampai full,"['kali', 'nonton', 'iklan', 'full']",Positif
248,suara khas mang boriel emang khas ditelinga,"['suara', 'khas', 'mang', 'boriel', 'emang', 'khas', 'telinga']",Negatif
249,the only iklan yang aku tidak skip dari youtube,"['the', 'only', 'iklan', 'skip', 'youtube']",Netral
250,hanya gojek yang mampu meruntuhkan wibawanya ariel yang setuju mana suaranyaa,"['gojek', 'runtuh', 'wibawa', 'ariel', 'tuju', 'suaranyaa']",Netral
251,tolong perbanyak iklan kreatif kayak gini,"['tolong', 'banyak', 'iklan', 'kreatif', 'kayak', 'gin']",Positif
252,selamat ulang tahun idol doa terbaik untukmu  lahir rabu manis  dan bln september sama sperti saya sendiri  idol sejak  jaman kaset cd bajakan  itu yg cuma saya bsa beli dr hasil ngumpulin uang saku dsaat itu rupiah saya dikasih ibu dan di kumpulin hampir mingguan bsa beli cd bajakan rb  kaset seneng yg paling saya ingat bs membeli full peterpan tahun  an sebagai anak desa dan ibu petani tk mempunyai tv hanya vcd saya udah senang terimakasih ariel km yg memotivasi rambut belah dua ku dulu   trs membeli tas pinggang serta baju yg td ny normal ku jadikan baju lekbong dan tentu menyukai celana cut bray memori kecil ku tulis di komen ini saya bangga mnjadi sahabat noah,"['selamat', 'ulang', 'idol', 'doa', 'baik', 'untuk', 'lahir', 'rabu', 'manis', 'bln', 'september', 'sperti', 'idol', 'jaman', 'kaset', 'cd', 'baja', 'yg', 'bsa', 'beli', 'dr', 'hasil', 'ngumpulin', 'uang', 'saku', 'dsaat', 'rupiah', 'kasih', 'kumpulin', 'minggu', 'bsa', 'beli', 'cd', 'baja', 'rb', 'kaset', 'neng', 'yg', 'bs', 'beli', 'full', 'pan', 'an', 'anak', 'desa', 'tani', 'tk', 'tv', 'vcd', 'udah', 'senang', 'terimakasih', 'ariel', 'km', 'yg', 'motivasi', 'rambut', 'belah', 'ku', 'trs', 'beli', 'tas', 'pinggang', 'baju', 'yg', 'td', 'ny', 'normal', 'ku', 'jadi', 'baju', 'lekbong', 'suka', 'celana', 'cut', 'bray', 'memori', 'ku', 'tulis', 'komen', 'bangga', 'mnjadi', 'sahabat', 'noah']",Positif
253,tolong buat bang ariel jadi aktor utama sebuah film,"['tolong', 'bang', 'ariel', 'aktor', 'utama', 'film']",Positif
254,lucukerensempurna sepatu ditangan kardus dibuang,"['lucukerensempurna', 'sepatu', 'tang', 'kardus', 'buang']",Netral
255,keren   konsep nyambung sm lagu nya top,"['keren', 'konsep', 'nyambung', 'sm', 'lagu', 'nya', 'top']",Positif
256,iklan terkereennn ariel noah bestttt baru x ini liat bor teriak,"['iklan', 'terkereennn', 'ariel', 'noah', 'bestttt', 'x', 'liat', 'bor', 'teriak']",Netral
257,kreatif n lucu mantab,"['kreatif', 'n', 'lucu', 'mantab']",Positif
258,jdi keren bgini iklannya mantul bg aril,"['jdi', 'keren', 'bgini', 'iklan', 'mantul', 'bg', 'aril']",Positif
259,rela liat terus klo ada ariel,"['rela', 'liat', 'klo', 'ariel']",Positif
260,gojek ga pernah ngecewain kalo bikin iklan,"['gojek', 'ga', 'ngecewain', 'kalo', 'bikin', 'iklan']",Negatif
261,lucuuu gokillkerennnklo aril bintang iklan nya auto bagus,"['lucuuu', 'gokillkerennnklo', 'aril', 'bintang', 'iklan', 'nya', 'auto', 'bagus']",Positif
262,semangat terus ka ariel,"['semangat', 'ka', 'ariel']",Netral
263,iklan terkeren  suka kebayang klo ariel main pilem pesonanya itu loh miri sharukhan gak ada matinya,"['iklan', 'keren', 'suka', 'bayang', 'klo', 'ariel', 'main', 'pilem', 'pesona', 'loh', 'miri', 'sharukhan', 'gak', 'mati']",Positif
264,mantep bang boriel,"['mantep', 'bang', 'boriel']",Positif
265,memang kalo baru tambah umur komedinya juga ngikut chaaaaaks,"['kalo', 'umur', 'komedi', 'ngikut', 'chaaaaaks']",Netral
266,nonton iklan ky nonton film yadisimak bangetujungnya ketawa sendiriemang nie ariel,"['nonton', 'iklan', 'ky', 'nonton', 'film', 'yadisimak', 'bangetujungnya', 'ketawa', 'sendiriemang', 'nie', 'ariel']",Positif
267,gokilgojek,['gokilgojek'],Netral
268,anjiiiiiiir keren gila bikin ngakak keren parah,"['anjiiiiiiir', 'keren', 'gila', 'bikin', 'ngakak', 'keren', 'parah']",Positif
269,udh cocok si menurut gw boriel jadi aktor  film yo bisa yo semoga ariel ditawarkan lagi main film layar lebar,"['udh', 'cocok', 'si', 'gw', 'boriel', 'aktor', 'film', 'yo', 'yo', 'moga', 'ariel', 'tawar', 'main', 'film', 'layar', 'lebar']",Positif
270,ariel memang the best lah,"['ariel', 'the', 'best']",Positif
271,admin tolong iklan nya di panjangin biar makin seru,"['admin', 'tolong', 'iklan', 'nya', 'panjangin', 'biar', 'seru']",Positif
272,idolakuuuuuuu kerennnn bangettttt gemassss,"['idolakuuuuuuu', 'kerennnn', 'bangettttt', 'gemassss']",Positif
273,asli ketipu kupikir lagu barunya tapi bgus jugaa,"['asli', 'tipu', 'pikir', 'lagu', 'baru', 'bgus', 'jugaa']",Positif
274,si ariel mau gimana juga tetep aja good looking,"['si', 'ariel', 'gimana', 'tetep', 'aja', 'good', 'looking']",Positif
275,beruntung banget bisa foto ariel noah ketemu langsung jadi iri sama yang antar paket,"['untung', 'banget', 'foto', 'ariel', 'noah', 'ketemu', 'langsung', 'iri', 'paket']",Positif
276,anak band  aktor  lengkap sudah,"['anak', 'band', 'aktor', 'lengkap']",Positif
277,iklan favorit,"['iklan', 'favorit']",Positif
278,sayang bgt bukan yg versi ini yg ditayangin di tv,"['sayang', 'bgt', 'yg', 'versi', 'yg', 'ditayangin', 'tv']",Positif
279,wahh lucu dan keren,"['wahh', 'lucu', 'keren']",Positif
280,nemu di tv nyari di youtube  sini ngumpul  percayalah gojek km akan trending lg krn ada ariel,"['nemu', 'tv', 'nyari', 'youtube', 'ngumpul', 'percaya', 'gojek', 'km', 'trending', 'lg', 'krn', 'ariel']",Netral
281,udah ku ulang x lebih tetep gabosen,"['udah', 'ku', 'ulang', 'x', 'tetep', 'gabosen']",Netral
282,keren bngt asli,"['keren', 'bngt', 'asli']",Positif
283,baru kali ini gw nonton iklan sampe fulll,"['kali', 'gw', 'nonton', 'iklan', 'sampe', 'fulll']",Netral
284,baru kali ini aku betah nnton iklan  bang boriellv,"['kali', 'betah', 'nnton', 'iklan', 'bang', 'boriellv']",Netral
285,sengaja pengin liat ini iklan di ytb ternyata bisa lucu gini yaa,"['sengaja', 'pengin', 'liat', 'iklan', 'ytb', 'lucu', 'gin', 'yaa']",Positif
286,iklan yg hari ini gue cari dan tonton sampai habis berkalikali,"['iklan', 'yg', 'gue', 'cari', 'tonton', 'habis', 'berkalikali']",Positif
287,nama jalan sama nama penerima bikin ngakak abis,"['nama', 'jalan', 'nama', 'terima', 'bikin', 'ngakak', 'abis']",Positif
288,baru x ini nonton iklan betah sampe di ulang,"['x', 'nonton', 'iklan', 'betah', 'sampe', 'ulang']",Netral
289,ngakak woilah,"['ngakak', 'woilah']",Positif
290,mantap gojek,"['mantap', 'gojek']",Positif
291,ngakak lagu keadaan semua jadi,"['ngakak', 'lagu']",Positif
292,bingung apa yang harus di kerjain ampe ngmandiin motor tetangga  keknya sekalinya boril bingungpekerjaan rumah tetangga langsung beres ini mah mau dong jadi tetangganya,"['bingung', 'kerjain', 'ampe', 'ngmandiin', 'motor', 'tetangga', 'kek', 'sekali', 'boril', 'bingungpekerjaan', 'rumah', 'tetangga', 'langsung', 'beres', 'mah', 'tetangga']",Negatif
293,hahahahhaha baru ini nonton iklan berulangngakak so hart,"['hahahahhaha', 'nonton', 'iklan', 'berulangngakak', 'so', 'hart']",Netral
294,kesini gara gara ada iklan model nya borkali ini bor kocak abis,"['kesini', 'gara', 'gara', 'iklan', 'model', 'nya', 'borkali', 'bor', 'kocak', 'abis']",Positif
295,iklan gosend paling se palingpalingnya,"['iklan', 'gosend', 'palingpalingnya']",Positif
296,kereeeen bgt,"['kereeeen', 'bgt']",Positif
297,ariel serba bisa,"['ariel', 'serba']",Netral
298,pak mirip ariel ya si bapak ah nggak jauuh humorku sebatas si bapak bilang jauuuh,"['ariel', 'ya', 'si', 'ah', 'nggak', 'jauuh', 'humor', 'batas', 'si', 'bilang', 'jauuuh']",Positif
299,baru kali ini ga bosen ngulang iklan wkwkwk,"['kali', 'ga', 'bosen', 'ngulang', 'iklan', 'wkwkwk']",Negatif
300,bahagia itu sederhana,"['bahagia', 'sederhana']",Positif
301,karena sepatuaku disini  so lain liriknya  bdw kirain nungguin sang pendamping sampe jadi stress  ternyata hanya nungguin sepatu  mantap iklannya bikin stress q jadi hilang,"['sepatuaku', 'so', 'lirik', 'bdw', 'kirain', 'nungguin', 'sang', 'damping', 'sampe', 'stress', 'nungguin', 'sepatu', 'mantap', 'iklan', 'bikin', 'stress', 'q', 'hilang']",Positif
302,cuma ariel yg difoto kurir tetep kece,"['ariel', 'yg', 'foto', 'kurir', 'tetep', 'kece']",Netral
303,salam mitra gocar samarinda,"['salam', 'mitra', 'gocar', 'samarinda']",Netral
304,entah gw doang atau yg lain juga sama setiap ditungguin pasti lama datangnya giliran ga di tungguin cepet datengnya,"['gw', 'doang', 'yg', 'ditungguin', 'datang', 'gilir', 'ga', 'tungguin', 'cepet', 'datengnya']",Positif
305,pokok ny klo iklan pke ariel noah ga ada yg dislike lebih dri,"['pokok', 'ny', 'klo', 'iklan', 'pke', 'ariel', 'noah', 'ga', 'yg', 'dislike', 'dri']",Positif
306,karna sepatu aku di ssinnii  ngakak anjirrttt,"['karna', 'sepatu', 'ssinnii', 'ngakak', 'anjirrttt']",Positif
307,keren ini mah iklanya apalagi expresi boriel,"['keren', 'mah', 'iklanya', 'expresi', 'boriel']",Positif
308,ya ampun bagus banget iklannya,"['ya', 'ampun', 'bagus', 'banget', 'iklan']",Positif
309,gak mau skip kalo iklan nya kaya gini mah,"['gak', 'skip', 'kalo', 'iklan', 'nya', 'kaya', 'gin', 'mah']",Netral
310,hahahahahaha suka iklannyaaaaa,"['hahahahahaha', 'suka', 'iklannyaaaaa']",Netral
311,luar biasaidolaku,['biasaidolaku'],Netral
312,padahal paling males  lihat iklan tp kalo boriel yg main no skip,"['males', 'lihat', 'iklan', 'tp', 'kalo', 'boriel', 'yg', 'main', 'no', 'skip']",Positif
313,ya allah bang bor gabut ajah bikin gergaji nyuciin motor tetangga,"['ya', 'allah', 'bang', 'bor', 'gabut', 'ajah', 'bikin', 'gergaji', 'nyuciin', 'motor', 'tetangga']",Positif
314,gokilll bgt si iklan ini,"['gokilll', 'bgt', 'si', 'iklan']",Positif
315,biasanya iklan diskip ini malah di cari,"['iklan', 'skip', 'cari']",Netral
316,anjirr lucu pisan,"['anjirr', 'lucu', 'pis']",Positif
317,anjiir ariel napa jadi kocakkk gini wooooyyyy,"['anjiir', 'ariel', 'napa', 'kocakkk', 'gin', 'wooooyyyy']",Netral
318,kata katanya emang gokil wkwkwk,"['emang', 'gokil', 'wkwkwk']",Negatif
319,cuma ariel yang baca terms and condition ampe abis,"['ariel', 'baca', 'terms', 'and', 'condition', 'ampe', 'abis']",Netral
320,nih mah iklanya top markotop dah ayuhh pakai gosend ramaiii kueenn,"['nih', 'mah', 'iklanya', 'top', 'markotop', 'dah', 'ayuhh', 'pakai', 'gosend', 'ramaiii', 'kueenn']",Positif
321,kereeen ariell,"['kereeen', 'ariell']",Netral
322,baru iklan ini yg ga gue skip,"['iklan', 'yg', 'ga', 'gue', 'skip']",Netral
323,aku terhibur kalau iklannya kayak gini,"['hibur', 'iklan', 'kayak', 'gin']",Netral
324,luar biasa kocaknya,['kocak'],Positif
325,cuma gojek yg bisa bikin seorang ariel jadi receh begini hahahaha,"['gojek', 'yg', 'bikin', 'ariel', 'receh', 'hahahaha']",Positif
326,gokil,['gokil'],Negatif
327,gokilllll abieeeezzzzzzz,"['gokilllll', 'abieeeezzzzzzz']",Netral
328,keren pokoknya,"['keren', 'pokok']",Positif
329,iklan paling menarik sepanjang sejarah emang mahal nih orang,"['iklan', 'tarik', 'sejarah', 'emang', 'mahal', 'nih', 'orang']",Negatif
330,lucu pisan,"['lucu', 'pis']",Positif
331,iklan kok ditonton tapi iklan ini lucu dan pak ariel nya juga lucu,"['iklan', 'tonton', 'iklan', 'lucu', 'ariel', 'nya', 'lucu']",Positif
332,keren sihh ini iklan terkereenn,"['keren', 'sihh', 'iklan', 'terkereenn']",Positif
333,baru kali ini liat iklan gak mau di skip,"['kali', 'liat', 'iklan', 'gak', 'skip']",Netral
334,kreatif bgt gosend bikin iklanbtw yg jadi bintang iklan nya mirip ariel ya,"['kreatif', 'bgt', 'gosend', 'bikin', 'iklanbtw', 'yg', 'bintang', 'iklan', 'nya', 'ariel', 'ya']",Positif
335,keren sumpah,"['keren', 'sumpah']",Positif
336,kangen konser yak ampe beneran gabut begini  hatihati ini para pelawak nambah saingan,"['kangen', 'konser', 'yak', 'ampe', 'beneran', 'gabut', 'hatihati', 'lawak', 'nambah', 'saing']",Positif
337,biasanya lihat iklan tu langsung skip tapi yg ini ko betah yaa sampe tuntas,"['lihat', 'iklan', 'tu', 'langsung', 'skip', 'yg', 'ko', 'betah', 'yaa', 'sampe', 'tuntas']",Positif
338,gojek tokopedia,"['gojek', 'tokopedia']",Netral
339,tf is this  never thought ariel would do something like this,"['tf', 'is', 'this', 'never', 'thought', 'ariel', 'would', 'do', 'something', 'like', 'this']",Netral
340,kreatif,['kreatif'],Positif
341,bagus nih iklan sutradaranya top,"['bagus', 'nih', 'iklan', 'sutradara', 'top']",Positif
342,karena sepatuuhh aaakuuuu diiisiniiii,"['sepatuuhh', 'aaakuuuu', 'diiisiniiii']",Netral
343,jokes bapak bapak bgt ya allah bor,"['jokes', 'bgt', 'ya', 'allah', 'bor']",Positif
344,keren gojek dan ariel noah salam dr bogor kang hendi channel,"['keren', 'gojek', 'ariel', 'noah', 'salam', 'dr', 'bogor', 'kang', 'hendi', 'channel']",Positif
345,hahaha creatipppp beut,"['hahaha', 'creatipppp', 'beut']",Positif
346,mantap iklan nya bagus banget,"['mantap', 'iklan', 'nya', 'bagus', 'banget']",Positif
347,real arielhehe  keren dan menghibur,"['real', 'arielhehe', 'keren', 'hibur']",Positif
348,gojek cuman berfokus sama kesejahteraan costumer sedangkan untuk driver malah sebaliknya,"['gojek', 'cuman', 'fokus', 'sejahtera', 'costumer', 'driver']",Netral
349,keren banget,"['keren', 'banget']",Positif
350,ngakak gue  lucu sekali,"['ngakak', 'gue', 'lucu']",Positif
351,dilanjut iklannya itu kan boril mau kluar nungguin sepatu dlu stelah itu boril mau kluar eh tiba hujan mau bawa mobil tapi mobilnya baru banget dicuci sayang klo kotor lagi nah disitu munculah ide untuk pesan gocar,"['lanjut', 'iklan', 'boril', 'kluar', 'nungguin', 'sepatu', 'dlu', 'stelah', 'boril', 'kluar', 'eh', 'hujan', 'bawa', 'mobil', 'mobil', 'banget', 'cuci', 'sayang', 'klo', 'kotor', 'situ', 'munculah', 'ide', 'pesan', 'gocar']",Negatif
352,lucu bgt,"['lucu', 'bgt']",Positif
353,hahahaha bang ariel nih bisa aeee wkwk kerren,"['hahahaha', 'bang', 'ariel', 'nih', 'aeee', 'wkwk', 'kerren']",Positif
354,dari tahun  saya jadi driver gosend lama lelah juga jarak pengantaran antar kota antar propinsi,"['driver', 'gosend', 'lelah', 'jarak', 'antar', 'kota', 'propinsi']",Negatif
355,baru pertama liat iklan dg ikhlas,"['liat', 'iklan', 'dg', 'ikhlas']",Positif
356,luar biasaaaa,['biasaaaa'],Positif
357,mantul iklannya ariel noah,"['mantul', 'iklan', 'ariel', 'noah']",Positif
358,hh lucu juga  padahal cuma iklan tp gw puter berkali knp y,"['hh', 'lucu', 'iklan', 'tp', 'gw', 'puter', 'kali', 'knp', 'y']",Positif
359,gue ulang terusssssss ngakak,"['gue', 'ulang', 'terusssssss', 'ngakak']",Positif
360,biyasanya klo ada iklan langsung aq skip tp klo ini mlh w puter ulang  kali njirrrr,"['biyasanya', 'klo', 'iklan', 'langsung', 'aq', 'skip', 'tp', 'klo', 'mlh', 'w', 'puter', 'ulang', 'kali', 'njirrrr']",Negatif
361,kreatif keren,"['kreatif', 'keren']",Positif
362,gokillllgo kilatt,"['gokillllgo', 'kilatt']",Netral
363,keren idola,"['keren', 'idola']",Positif
364,pengen bungkus mas ariel terus aku bawa pulang,"['ken', 'bungkus', 'mas', 'ariel', 'bawa', 'pulang']",Netral
365,nih iklan gurih bener kayak bumbu indomie goreng,"['nih', 'iklan', 'gurih', 'bener', 'kayak', 'bumbu', 'indomie', 'goreng']",Positif
366,walaaahhkocaaak pisan,"['walaaahhkocaaak', 'pis']",Netral
367,buahahaha nungguin paket dateng udah kyak nungguin istri pulang dari pasar,"['buahahaha', 'nungguin', 'paket', 'dateng', 'udah', 'kyak', 'nungguin', 'istri', 'pulang', 'pasar']",Netral
368,marketing gojek pintar kali abang ini,"['marketing', 'gojek', 'pintar', 'kali', 'abang']",Positif
369,karen banget a boriel,"['karen', 'banget', 'a', 'boriel']",Positif
370,mantap untuk abang ariel,"['mantap', 'abang', 'ariel']",Positif
371,gokil bgt konsepny wkwkwlw,"['gokil', 'bgt', 'konsepny', 'wkwkwlw']",Positif
372,sebelum meluncur iklan di tv ini mh udah keburu trending di youtoubawokawokjosss boriiielkerrrenn,"['luncur', 'iklan', 'tv', 'mh', 'udah', 'keburu', 'trending', 'youtoubawokawokjosss', 'boriiielkerrrenn']",Netral
373,mantap banget ka,"['mantap', 'banget', 'ka']",Positif
374,anjir antara serius dan gak serius nih nonton harus  kali,"['anjir', 'serius', 'gak', 'serius', 'nih', 'nonton', 'kali']",Negatif
375,first time to see boriels house,"['first', 'time', 'to', 'see', 'boriels', 'house']",Positif
376,kalau disetiap iklan ariel disuruh ngelawak lamalama ariel ganti profesi ini,"['tiap', 'iklan', 'ariel', 'suruh', 'ngelawak', 'lamalama', 'ariel', 'ganti', 'profesi']",Netral
377,bgus bnget suarany,"['bgus', 'bnget', 'suarany']",Positif
378,good one,"['good', 'one']",Positif
379,cuma iklan ini doang yg gw liat ampe abisss,"['iklan', 'doang', 'yg', 'gw', 'liat', 'ampe', 'abisss']",Netral
380,ngakak keren,"['ngakak', 'keren']",Positif
381,keren nih iklan nya mantap,"['keren', 'nih', 'iklan', 'nya', 'mantap']",Positif
382,kenapa gak jadi aktor film ya padahal actingnya natural,"['gak', 'aktor', 'film', 'ya', 'actingnya', 'natural']",Positif
383,gergaji  gaji yg lebih ger  kalau aku stuck di kamu aa borill,"['gergaji', 'gaji', 'yg', 'ger', 'stuck', 'aa', 'borill']",Netral
384,kerennnnnn betzz,"['kerennnnnn', 'betzz']",Netral
385,haha mantap iklannya kang bor,"['haha', 'mantap', 'iklan', 'kang', 'bor']",Positif
386,iklan aja udah naik  jt penonton nih keren bang boriel,"['iklan', 'aja', 'udah', 'jt', 'tonton', 'nih', 'keren', 'bang', 'boriel']",Positif
387,iri nggairilah masa ngga ngakak,"['iri', 'nggairilah', 'ngga', 'ngakak']",Positif
388,aku menunggumu iya aku menunggumu paket dari gosend hahaha,"['tunggu', 'iya', 'tunggu', 'paket', 'gosend', 'hahaha']",Positif
389,karena sepatu aku disini,['sepatu'],Netral
390,nominasi iklan terbaik nih,"['nominasi', 'iklan', 'baik', 'nih']",Positif
391,karna sepatu aku disini njir lirik nya keren,"['karna', 'sepatu', 'njir', 'lirik', 'nya', 'keren']",Positif
392,kren bang bor lanjutt lah,"['kren', 'bang', 'bor', 'lanjutt']",Netral
393,njiss alus si boriel apa aja cocok dia mah yaserba bisa saluttt,"['njiss', 'alus', 'si', 'boriel', 'aja', 'cocok', 'mah', 'yaserba', 'saluttt']",Positif
394,kaarena seepaaaatuuu aaaaakuuuu diiii siiniiiiiibeliau luar biasa,"['kaarena', 'seepaaaatuuu', 'aaaaakuuuu', 'diiii', 'siiniiiiiibeliau']",Positif
395,edaaannn iklannya udah kyak short movie comedy hahaha,"['edaaannn', 'iklan', 'udah', 'kyak', 'short', 'movie', 'comedy', 'hahaha']",Positif
396,hahahaha ariel mantap,"['hahahaha', 'ariel', 'mantap']",Positif
